{"枫树坝水库": {"inflow": [240.8590348955459, 230.4383379059191, 228.96689353256443, 235.59920630343223, 249.25019636920382, 246.9610172961692], "outflow": [34.708080759279056, 64.77099573309096, 95.07446456840911, 123.02179179865851, 147.4373524152573, 168.00697599787148]}, "新丰江水库": {"inflow": [189.206047819085, 286.4922766079496, 357.91055249670217, 380.1311039810173, 380.83845128458603, 374.0180900767746], "outflow": [23.016081334579958, 23.580463118143314, 24.128191155672376, 24.660447830278656, 25.178282174839275, 25.68263010780752]}, "白盆珠水库": {"inflow": [74.98882535852538, 23.777984727292182, 21.874257972201068, 18.435097117556435, 16.73760399243671, 16.28920654830328], "outflow": [23.016081334579958, 22.924796429070028, 22.83425848968656, 22.74447110578143, 22.655437707811075, 22.567161565196848]}, "龙川站": {"streamflow": [252.6479599559457, 167.7931523112026, 196.47309518063884, 222.4505587316915, 246.30993733601235, 269.0212716486378]}, "河源站": {"streamflow": [355.25685094231807, 333.70937799238806, 290.57840039141394, 326.4778191065106, 357.1506374994118, 385.5529747029097]}, "岭下站": {"streamflow": [437.7268568114953, 468.85165314684, 488.87602523988346, 533.3736943973995, 587.8503687147904, 628.5216367933174]}, "博罗站": {"streamflow": [666.248443235329, 541.0542997618493, 589.5408119745014, 609.4630947681292, 657.4726041938344, 712.4347791918829]}, "枫树坝-河源片区区间来水": {"streamflow": [217.9569768893997, 217.0865983843722, 228.95356099715585, 233.4062044900475, 235.86754442276936, 240.4355141786412]}, "河源-岭下片区区间来水": {"streamflow": [74.89597492902932, 129.7554069169694, 187.514880448226, 215.87072996966307, 238.3679358136039, 250.06924639128218]}, "白盆珠、岭下-博罗片区区间来水": {"streamflow": [70.47571893822452, 89.84311038049054, 109.51741464161061, 104.31672178709653, 105.74960264697843, 109.11122962739935]}}