{"BaiPanZhu_in": [25.76819538869961, 20.12660954137459, 17.75476538322137, 40.53008055208105, 28.289391776376597, 17.374193697595768, 20.880059176006228, 14.90979566064911, 14.90823387777208, 33.26596480018854, 21.21417317368797, 16.364286634188954, 32.594301835668226, 23.599640599354963, 43.80699169910473, 10.58192653818734, 17.651787107599354, 17.380221824794354], "BaiPanZhu_out": [20.04058636863088, 22.596278874180744, 25.018550094989997, 34.67673568298241, 30.121878033189645, 26.759210738617853, 37.38768516645822, 31.109328102657308, 32.046370505669486, 33.17442549699607, 30.614707210658075, 30.624092779321835, 29.9326918784828, 26.713507898465785, 31.733460706092096, 25.335809257170887, 23.757566360553774, 22.63466190708225], "FengShuBa_in": [0.0, 0.0, 0.0, 11.463585072706097, 15.180542236103008, 15.40009906228589, 33.42890691823731, 35.97630858759648, 25.142841086371515, 71.07802999421571, 64.41773873448759, 56.57454127357761, 79.51038219130254, 158.49059408377997, 106.04056209289095, 80.83899380078839, 94.00251235134955, 139.95565175250178], "FengShuBa_out": [661.8880733866922, 555.9994930376324, 462.02238747683907, 755.2464975781209, 516.512778187356, 448.1251997081308, 778.5005782140028, 532.6408894782121, 462.18220296696336, 796.2547519148698, 544.7093450974305, 472.6231845311535, 804.7328422720585, 587.6651056915823, 436.8895402078174, 859.3311392561475, 535.8103830605892, 430.3311949684196], "XinFengJiang_in": [10.12544656814948, 15.722334605940578, 15.246170876531055, 34.60582464645869, 23.083099231203683, 24.748678809000992, 37.8391939735464, 49.630047376601624, 43.74362452724705, 99.75473805037713, 86.53041603068439, 70.01803855401542, 257.16197221097013, 202.8433797276116, 109.86766063987429, 221.3533103037389, 136.51434336672338, 202.4525060385762], "XinFengJiang_out": [96.81913575477665, 120.59584783932902, 114.28392276270044, 141.74081572637547, 146.0582872660654, 128.72013142377523, 93.32176474730147, 87.3295131707716, 88.11382941263645, 119.50976964170029, 106.62368521823124, 94.4113182176463, 164.13495472619752, 193.30256861750564, 178.07806875269992, 221.23509788709953, 244.80978832077943, 249.97860816033457], "BoLuo": [484.6540238738544, 683.4815257715317, 629.0800907905102, 425.401646323283, 416.36508474277406, 390.3462550279701, 367.9965761498671, 370.719224163492, 408.6048063364673, 469.4345880759473, 411.928605489496, 465.86499530097933, 243.30105530325693, 388.5147947768694, 773.3691341568882, 421.15889292400186, 536.7888515242498, 874.6366090973418], "HeYuan": [359.7379507044194, 318.20223394945674, 327.1040434074446, 376.5139848316137, 374.22254481347574, 262.1794720763021, 279.9055289194108, 295.32126852295505, 297.6038214710052, 282.4468416575344, 271.83676073544274, 272.5235933279398, 190.52589298125307, 267.7541584166609, 422.36197928208213, 241.0733654788184, 268.9498057436207, 460.08232481914274], "LingXia": [419.354788636532, 474.47951439509905, 529.291037486803, 339.3515341789276, 330.0627789889495, 325.5593696619841, 305.7535864751955, 278.266710173408, 273.393171430093, 343.42546084807475, 312.48918005472916, 277.602780152135, 199.34708783458436, 283.36098245003296, 578.0097783148744, 263.8882676035171, 300.79340403796374, 680.0256810842584], "LongChuan": [87.06775629486164, 97.5223789282393, 96.49875463442976, 87.28870622819791, 103.25282850590767, 89.51828092277667, 96.59893869074496, 98.63277141742876, 97.52195952880948, 95.85694324107135, 113.38809966659304, 98.30537241576019, 76.18602552649126, 136.605883610107, 149.10721015838644, 117.9709266221566, 178.144664823646, 215.34569426505794]}