{"·ãÊ÷°ÓË®¿â": {"inflow": [250.32415622297702, 133.87420068047743, 93.89264460486606, 42.970514618131766, 25.69707387189041, 14.379123214534026, 9.240442828269298, 3.515866078821862, 1.1231073097677406, 0.23124802217981957, 0.036864778861367714, 0.002325075725394267, 35.27142399065554, 29.331526565213835, 80.07933574071605, 97.48502469329203, 87.41106907792293, 129.25584524859192], "outflow": [79.33544691951046, 122.24552082950034, 128.42915377806253, 129.16035064189708, 129.2448405715989, 129.2545774325295, 129.25569919191034, 129.25582842243185, 129.25584331016722, 129.25584502527744, 129.25584522286465, 129.25584524562768, 129.2558452482486, 129.25584524855398, 129.25584524858547, 129.25584524858547, 129.25584524858547, 129.25584524858547]}, "ÐÂ·á½­Ë®¿â": {"inflow": [199.99489847385271, 114.90904170000063, 89.94203522017125, 30.65136981696212, 14.648177906596445, 6.133751322280808, 2.403532983262469, 0.9448886858074279, 0.7471639123159531, 0.05352095115721558, 0.004745904390424974, 0.00012624991918744108, 41.15591988112358, 48.817632974902374, 85.54571382882536, 126.12552211271868, 115.12414394400534, 157.35846872869107], "outflow": [23.016081334579958, 23.234032065046048, 23.449215899638485, 23.661716707688864, 23.871614243635147, 24.078984424899446, 24.283899586047802, 24.486428711663063, 24.686637650072264, 24.884589309820274, 25.080343840564588, 25.273958799876226, 25.465489307267596, 25.654988186625346, 25.84250609809746, 26.028091660375793, 26.211791564215556, 26.39365067794933]}, "°×ÅèÖéË®¿â": {"inflow": [13.29544954743496, 8.288194407270295, 3.832287048463933, 1.1135620752188324, 0.28485225525483965, 0.08589888870197425, 0.00716526018572317, 0.572225170864267, 0.6083149803394555, 0.16168874923943707, 0.6470749783208574, 0.05664120982353857, 5.129931029318449, 3.152408746649984, 17.422222111858517, 6.914295622772484, 12.483051685578644, 18.592883864678118], "outflow": [22.753413770024352, 22.207135653368233, 21.718347380948035, 21.28425097717813, 20.901437596699598, 20.5660641128895, 20.27402867710598, 20.021132231975855, 19.803216843418564, 19.616275930399308, 19.45653525842176, 19.320506461758033, 19.205016716922913, 19.10721908573003, 19.02458819075763, 18.954905528494752, 18.8962380927396, 18.846913247765777]}, "Áú´¨Õ¾": {"streamflow": [153.1726631020611, 190.00879940641738, 167.69394678759346, 149.9391416786725, 142.1172345086661, 136.7722537725009, 134.6375153573502, 131.53358726652928, 130.82759551712743, 129.6767559272773, 129.3882845804936, 129.2839172714991, 143.9873141733342, 146.42690501026345, 148.57580505155033, 146.24235801208843, 178.80019830943934, 169.3493654204782]}, "ºÓÔ´Õ¾": {"streamflow": [223.9902330631076, 255.29211127744304, 214.19597108669393, 184.24382669270858, 171.35784280145518, 163.17671633034027, 160.25651116750618, 156.31779889326668, 155.72889966772243, 154.57525473514792, 154.46930739906526, 154.55788128183752, 179.59598963182384, 185.40200099732516, 190.0605792428548, 186.47476081400455, 243.75690881343922, 229.74642279352562]}, "ÁëÏÂÕ¾": {"streamflow": [599.0643458109214, 410.03658445257395, 305.12614542804937, 214.30220255795368, 181.2512920181176, 165.51434536125024, 160.7264999938328, 156.61754479893875, 157.12229974056567, 154.67906210162994, 154.4737685028754, 154.55790820812695, 196.8356072971176, 210.5774847829535, 259.6072390937129, 253.87936182818123, 351.028535479619, 333.1468416545354]}, "²©ÂÞÕ¾": {"streamflow": [854.8720941652012, 541.470351039437, 395.28382645924773, 267.49213939995326, 218.49192716674915, 194.29175629921681, 189.34025007374603, 180.51067938348382, 180.11521843973713, 175.7597546374457, 175.31928111480758, 175.20240555247238, 276.07847072520843, 320.630897003456, 349.2790314777359, 372.8676279054859, 469.2490300086205, 447.05607495430957]}}