{"枫树坝水库": {"inflow": [250.3241562229772, 150.62138490641667, 118.39351926796654, 65.96989491036051, 38.86926843037019, 21.55882756725659, 13.241893662077809, 6.8476780704763325, 3.3832710151642558, 1.402237225302878, 0.7011979191851067, 0.2945434089716891, 38.82611357797701, 32.65772726908632, 85.5806556685176, 103.69920494611706, 93.22442907691392, 136.14346695264982], "outflow": [82.91314406936087, 128.91487861125853, 135.3242297204554, 136.05251060913193, 136.1333915199193, 136.14235115752157, 136.14334338834658, 136.14345326905527, 136.14346543731716, 136.14346678483952, 136.14346693406807, 136.14346695059317, 136.14346695242241, 136.14346695262145, 136.14346695264047, 136.14346695264047, 136.14346695264047, 136.14346695264047]}, "新丰江水库": {"inflow": [199.99489847385271, 128.71162135635618, 109.83577829185026, 46.202500706502505, 23.051693609986213, 10.355613767486298, 4.369353909771919, 2.3542311893803394, 1.8150052076945697, 0.3775221757570487, 0.13646291175476247, 0.03612458813213719, 42.08159883438157, 50.037039976627085, 87.52373080804311, 128.87437597173752, 118.04996370506421, 161.00021669654473], "outflow": [23.016081334579958, 23.23990627121684, 23.460824198653867, 23.678925356883745, 23.89429545249161, 24.107015972003353, 24.31716446787106, 24.524814819961808, 24.730037475070823, 24.93289966667715, 25.133465616900533, 25.33179672239242, 25.527951725697953, 25.721986873455172, 25.91395606264757, 26.10391097599681, 26.291901207465386, 26.477974378740157]}, "白盆珠水库": {"inflow": [13.295449547434943, 9.21485663183714, 4.81894352854665, 1.7275617061202675, 0.4849909046886269, 0.14264880031415242, 0.013825233579626037, 0.5911876911195838, 0.6779446719645466, 0.22298367037696398, 0.8355785818953126, 0.18424366891756422, 5.951819252484859, 3.9881751923609943, 19.57690729493174, 8.61519131569868, 14.409978323537203, 20.555352250130827], "outflow": [22.870649730336414, 22.570772144833544, 22.305520068369194, 22.07187937899671, 21.86686874235547, 21.687600820265722, 21.5313288958312, 21.39547967615815, 21.277673784743968, 21.175735867108777, 21.087696366520564, 21.01178695749416, 20.94643142679674, 20.890233526899657, 20.841963041615877, 20.80054102917783, 20.76502496244602, 20.734594277756166]}, "龙川站": {"streamflow": [156.75036025191156, 202.64182659362342, 183.0479072717048, 165.4436276850265, 154.48035209224446, 147.01676584426298, 143.73660235276742, 140.2369860847716, 139.36060357711762, 137.53109610282257, 137.01685062720767, 136.65356779488354, 154.5239148630704, 157.15198900869723, 159.47409268517714, 156.88075260281232, 191.38643793349107, 180.92052469546948]}, "河源站": {"streamflow": [227.567930212958, 271.75661526778157, 234.85779280848556, 204.7631359330614, 186.59810531842012, 174.92513641542652, 170.19285161316134, 165.5392607783873, 164.6451138244592, 162.57084912780977, 162.18215449812024, 161.99129431206268, 190.33325559567123, 196.53173784859837, 201.62312052469548, 197.96663445164563, 257.91498398955696, 243.0190639891471]}, "岭下站": {"streamflow": [602.6420429607717, 442.3462597773549, 343.95289735556173, 247.67335242233827, 201.29707162482237, 178.68324035717012, 170.98183572923784, 166.02823788364466, 166.2882273968379, 162.80062474968963, 162.22197935893527, 161.99422286497736, 207.62604436933592, 223.63482290751196, 277.15579320656855, 274.2356499911543, 373.69720460097676, 352.6788109207653]}, "博罗站": {"streamflow": [858.5670272753636, 578.959363509612, 440.31063548864165, 306.3267273544619, 241.67543521604293, 209.59011250428404, 201.48114512435103, 192.47363979687012, 192.1681495961776, 186.61192016241893, 186.13118282730653, 185.97707591414462, 297.5545911637269, 346.3092071273401, 378.3148048972021, 406.29313783965983, 501.07468734761545, 473.12925502503793]}, "枫树坝-河源片区区间来水": {"streamflow": [121.63870480901716, 119.60183038530619, 76.07273888937625, 45.031699967045704, 26.570418346009237, 14.675769285901605, 9.732343756943699, 4.870992689370223, 3.7716109120712273, 1.4944826762930818, 0.9052219471516461, 0.5160306390771179, 28.661836917550847, 34.66628402252175, 39.56569750940746, 35.71925652300834, 95.47961582945113, 80.39762265776648]}, "河源-岭下片区区间来水": {"streamflow": [375.07411274781373, 170.5896445095733, 109.09510454707615, 42.91021648927688, 14.698966306402246, 3.758103941743609, 0.788984116076498, 0.48897710525736404, 1.6431135723786976, 0.22977562187986136, 0.03982486081502064, 0.0029285529146880927, 17.292788773664682, 27.10308505891358, 75.5326726818731, 76.26901553950866, 115.78222061141982, 109.65974693161819]}, "白盆珠、岭下-博罗片区区间来水": {"streamflow": [233.05433458425546, 114.04233158742362, 74.05221806471067, 36.581495553126935, 18.51149484886507, 9.219271326848203, 8.967980499282003, 5.049922237067317, 4.602248414595736, 2.635559545620514, 2.8215071018506874, 2.971066091673081, 68.98211536759429, 101.78415069292848, 80.31704864901766, 111.25694681932771, 106.61245778419267, 99.71584982651648]}}