{"BaiPanZhu_in": [12.101750373840332, 29.001821517944336, 26.772916793823242, 24.14651870727539, 32.60924530029297, 14.962769508361816], "BaiPanZhu_out": [13.50910758972168, 20.074438095092773, 25.486976623535156, 32.4556770324707, 32.10921859741211, 29.19647216796875], "FengShuBa_in": [0.0, 10.598691940307617, 29.873628616333008, 64.51174926757812, 102.92849731445312, 99.59893035888672], "FengShuBa_out": [540.4213256835938, 555.1282958984375, 584.3763427734375, 603.34521484375, 607.4943237304688, 607.3102416992188], "XinFengJiang_in": [0.0, 8.855549812316895, 27.243040084838867, 73.99020385742188, 157.20664978027344, 173.5433807373047], "XinFengJiang_out": [202.57861328125, 190.33038330078125, 139.71585083007812, 101.91619110107422, 160.76101684570312, 220.40286254882812], "BoLuo": [725.4439697265625, 537.0791015625, 435.52276611328125, 434.6615295410156, 447.3617858886719, 541.6639404296875], "HeYuan": [335.71142578125, 385.690673828125, 303.19952392578125, 259.767578125, 289.15765380859375, 325.90985107421875], "LingXia": [543.564453125, 402.4532470703125, 287.9127197265625, 286.59539794921875, 333.06512451171875, 373.366455078125], "LongChuan": [91.26374816894531, 82.25959014892578, 81.06625366210938, 91.98233032226562, 115.77434539794922, 148.7345733642578]}