{"BaiPanZhu_in": [21.207149505615234, 28.364866256713867, 16.953144073486328, 23.38092041015625, 33.49245071411133, 15.204645156860352], "BaiPanZhu_out": [22.526704788208008, 30.515174865722656, 33.851051330566406, 31.489198684692383, 29.533227920532227, 23.868227005004883], "FengShuBa_in": [0.0, 13.926280975341797, 31.3657283782959, 63.78314971923828, 115.19364166259766, 102.23857879638672], "FengShuBa_out": [557.2679443359375, 572.0465087890625, 589.8204345703125, 603.2117309570312, 608.407470703125, 608.4909057617188], "XinFengJiang_in": [13.766423225402832, 27.3958797454834, 43.694618225097656, 84.93709564208984, 189.40179443359375, 187.51309204101562], "XinFengJiang_out": [110.64037322998047, 138.5133056640625, 89.22908782958984, 106.5373764038086, 178.45230102539062, 238.11630249023438], "BoLuo": [597.7427978515625, 410.33453369140625, 380.39312744140625, 449.90069580078125, 476.8294982910156, 617.5570068359375], "HeYuan": [335.086181640625, 335.7491149902344, 289.3431396484375, 275.5030822753906, 298.09869384765625, 326.0922546386719], "LingXia": [474.5384521484375, 331.510986328125, 286.2850646972656, 310.9131164550781, 359.4658508300781, 421.90948486328125], "LongChuan": [93.79463195800781, 93.29780578613281, 97.66007232666016, 102.45589447021484, 121.62437438964844, 171.9142608642578]}