{"BaiPanZhu_in": [14.235991167092303, 12.386455592318622, 9.791206791731998, 41.54447121453265, 28.83959990649749, 17.74688689508846, 28.697306534598127, 36.054784716017494, 16.58540982748766, 28.30204043358261, 17.731415388688543, 26.011391234373207, 38.70584997479024, 41.45531958847047, 18.339544686972268, 10.764498827059878, 15.738150547608441, 18.115993886671856], "BaiPanZhu_out": [14.654674766868286, 13.441628052277089, 12.571698213470507, 22.19998531478666, 22.028419834464874, 16.1138270400182, 22.60570398422852, 27.297968500045883, 26.75065104508532, 31.164637145489678, 36.721746618566314, 30.148822751577107, 28.29948807715894, 34.89411483791258, 33.820397759130095, 36.17988862128679, 27.297138570150107, 24.499698153253625], "FengShuBa_in": [0.0, 0.0, 0.0, 9.212789774509124, 11.125397595887213, 11.661477797388084, 32.18539338667017, 34.14532815401779, 23.420835622297254, 83.94058131586466, 58.28630470184321, 52.508669737985755, 77.12082131295736, 91.32581491336843, 137.73334238920415, 97.22554898036678, 84.21698834166952, 116.67677129168838], "FengShuBa_out": [713.4932337985156, 487.9577377570459, 423.3509177621672, 732.9101650691201, 501.2369693014669, 434.871945971184, 694.2786014501111, 583.0894197638569, 484.2895343005601, 716.9476540488805, 602.0774802091137, 499.8388132382616, 858.347412084003, 534.4649724740069, 429.6705866333964, 857.9980003670498, 534.408074323736, 429.5246504068708], "XinFengJiang_in": [0.0, 0.0, 0.0, 10.053306441042722, 7.1163871528228295, 9.80798239511935, 27.98585375086526, 26.35336910924373, 27.584192491546457, 85.71369037288528, 71.73202824500466, 64.95270617414154, 150.81251870794028, 137.33040229588522, 181.0888121045656, 148.21164747378623, 217.35542187485828, 158.22310980358955], "XinFengJiang_out": [193.92327242120476, 190.74405033362353, 222.8177462760172, 170.36286264172895, 204.29585506436086, 196.8864902385434, 153.71635566520834, 128.9960723884106, 138.54924403079764, 79.42813624218577, 115.03264835045772, 114.68226744548778, 182.7912936768867, 167.62159977260626, 133.28711441602903, 170.16297056015623, 238.87243809067394, 254.16136325989623], "BoLuo": [811.0481972134618, 718.3714962747852, 654.0514660582696, 523.3331075763779, 558.4547424650955, 530.1430589111604, 375.10681032720987, 405.6643854266739, 520.4310204317369, 393.1289679411876, 366.8846413910772, 534.6645492784517, 228.31052138924252, 364.64935405180006, 725.4111343435532, 276.24590059823356, 440.90479913118736, 879.0203238302872], "HeYuan": [375.0194949123819, 372.88645051364193, 264.65582219526044, 367.6960137965807, 371.71565395845533, 414.7540191928649, 332.1065858940947, 295.41743723127024, 287.0288715699723, 290.9461155026049, 231.09126761195165, 258.4449172708838, 190.07582061812246, 293.47472477157777, 375.30743765176385, 222.70474568045762, 340.8575963715235, 406.14381479826994], "LingXia": [497.822488137688, 554.2137368437832, 575.4852651790038, 460.1831827234239, 434.71736109953883, 319.276298201113, 251.0599669633517, 316.70061356837743, 298.3120514092169, 264.4574858269964, 299.30302219369935, 296.0597582932293, 244.51101411269434, 250.541912579926, 492.09179261254064, 233.47434789472698, 266.40450487661116, 601.6543735230964], "LongChuan": [85.38565763769935, 101.00173373954166, 87.56662365008688, 76.96143696477783, 91.03681788704736, 78.92722703922914, 86.81350831841112, 75.66280152207082, 80.45704418122091, 76.46697798550362, 105.04059722263821, 93.26831026205926, 70.1349186371521, 88.63342012652011, 181.9383017908821, 99.61507524563253, 108.18060136254603, 232.17863354317853]}